{
  "molecule": "Po2",
  "geometry": "eq (R=2.797 \u00c5)",
  "pbs_jobid": "13765078",
  "cascade": "Q-T-S",
  "method": "Multistate-all",
  "roots_per_job": null,
  "cas": {
    "n_elec": 12,
    "n_orb": 8
  },
  "roots": {
    "quintet": 70,
    "triplet": 90,
    "singlet": 15,
    "total": 175
  },
  "success": true,
  "timing_s": {
    "gateway": 9.0,
    "seward": 265.0,
    "scf": 39.0,
    "rasscf_quintet": 246.0,
    "caspt2_quintet": 1809.0,
    "rasscf_triplet": 271.0,
    "caspt2_triplet": 2786.0,
    "rasscf_singlet": 150.0,
    "caspt2_singlet": 200.0,
    "rassi": 1866.0,
    "caspt2_total": 4795.0,
    "rasscf_total": 667.0,
    "total_measured": 7641.0,
    "total_wall": 7653.0
  },
  "memory_mb": {
    "molcas_mem_requested": 14000,
    "peak_rss_mb": 718.5,
    "molcas_log_peak_mb": null
  },
  "reference_weights": {
    "quintet": {
      "values": [
        0.90386,
        0.90386,
        0.90364,
        0.90412,
        0.90412,
        0.91113,
        0.9099,
        0.91091,
        0.90764,
        0.87059,
        0.87622,
        0.87017,
        0.87017,
        0.8709,
        0.87101,
        0.8725,
        0.87268,
        0.87111,
        0.87304,
        0.87167,
        0.87167,
        0.84506,
        0.85453,
        0.85781,
        0.85781,
        0.85929,
        0.85721,
        0.84688,
        0.85812,
        0.85812,
        0.85962,
        0.8563,
        0.8563,
        0.84451,
        0.84175,
        0.84175,
        0.82203,
        0.83685,
        0.83537,
        0.83727,
        0.84635,
        0.84636,
        0.8293,
        0.83062,
        0.83062,
        0.81479,
        0.84051,
        0.84051,
        0.84279,
        0.84131,
        0.84318,
        0.84234,
        0.81136,
        0.81553,
        0.81553,
        0.82832,
        0.76876,
        0.81922,
        0.81922,
        0.73212,
        0.75679,
        0.82518,
        0.82396,
        0.82574,
        0.78823,
        0.78823,
        0.74087,
        0.78729,
        0.78729,
        0.75403
      ],
      "n_roots": 70,
      "min": 0.73212,
      "mean": 0.84405,
      "n_below_threshold": 0
    },
    "triplet": {
      "values": [
        0.90225,
        0.90667,
        0.90572,
        0.90642,
        0.90039,
        0.90039,
        0.89208,
        0.90038,
        0.90038,
        0.90276,
        0.90276,
        0.89965,
        0.89965,
        0.89581,
        0.90125,
        0.90125,
        0.90045,
        0.9006,
        0.90024,
        0.90024,
        0.90167,
        0.90167,
        0.90248,
        0.89838,
        0.90463,
        0.90463,
        0.90605,
        0.90257,
        0.90041,
        0.90041,
        0.90324,
        0.90324,
        0.90329,
        0.90329,
        0.90692,
        0.90615,
        0.90705,
        0.90473,
        0.90473,
        0.89854,
        0.89887,
        0.89984,
        0.90309,
        0.90403,
        0.87311,
        0.90707,
        0.87563,
        0.86716,
        0.86649,
        0.87131,
        0.87131,
        0.86697,
        0.86667,
        0.86488,
        0.87976,
        0.87976,
        0.87696,
        0.87597,
        0.87597,
        0.87241,
        0.86936,
        0.86908,
        0.87361,
        0.86912,
        0.86912,
        0.86177,
        0.86178,
        0.8663,
        0.86631,
        0.86757,
        0.86756,
        0.87293,
        0.87048,
        0.87047,
        0.87218,
        0.87632,
        0.87632,
        0.87251,
        0.86316,
        0.86275,
        0.87041,
        0.87063,
        0.87063,
        0.86476,
        0.86629,
        0.86455,
        0.86685,
        0.86685,
        0.86612,
        0.86612
      ],
      "n_roots": 90,
      "min": 0.86177,
      "mean": 0.88592,
      "n_below_threshold": 0
    },
    "singlet": {
      "values": [
        0.90386,
        0.90403,
        0.90505,
        0.90698,
        0.89576,
        0.89576,
        0.89888,
        0.89888,
        0.89263,
        0.8917,
        0.90232,
        0.90232,
        0.8967,
        0.89554,
        0.89538
      ],
      "n_roots": 15,
      "min": 0.8917,
      "mean": 0.89905,
      "n_below_threshold": 0
    }
  },
  "adaptive_future": {
    "ref_weight_threshold": 0.7,
    "roots_to_drop": {},
    "note": "Roots listed under roots_to_drop have ref_weight < threshold. Future adaptive runs may reduce CIROOT to exclude these."
  },
  "so_rassi_energies_ha": [
    -44342.38761524331,
    -44342.35999774603,
    -44342.35999768247,
    -44342.34992880838,
    -44342.34984327261,
    -44342.341162049066,
    -44342.33771425594,
    -44342.33771423978,
    -44342.31103136587,
    -44342.29818769245,
    -44342.29601262869,
    -44342.29528198743,
    -44342.29500785051,
    -44342.29500742145,
    -44342.2935638941,
    -44342.28672098756,
    -44342.286720534285,
    -44342.27678625938,
    -44342.276736559346,
    -44342.2672330608
  ],
  "so_rassi_state1_ha": -44342.38761524331
}